target_prompt_tokens,max_new_tokens,concurrency,repeats,total_requests,avg_ttft_seconds,p50_ttft_seconds,p95_ttft_seconds,min_ttft_seconds,max_ttft_seconds,avg_latency_seconds,p50_latency_seconds,p95_latency_seconds,min_latency_seconds,max_latency_seconds,avg_output_chars,approx_tokens_per_second
32,32,1,3,3,0.11080992566667192,0.11536521699963487,0.11536521699963487,0.09786546500026816,0.11919909500011272,0.957133762333342,0.9257998210000551,0.9257998210000551,0.9034891530000095,1.0421123129999614,144,33.43315350405049
32,32,2,3,6,0.5284749701667503,0.14402866199998243,0.9272705989997121,0.0884819900002185,1.0008557080000173,1.3025762721667131,0.9199572890001946,1.781308017000356,0.8203914599998825,1.7868658490001508,144,24.566699611970524
32,32,4,3,12,1.37825797041675,0.973667669000406,2.642762407000191,0.10732275300006222,2.651078539000082,2.149517957333387,1.7270848329999353,3.424411923000207,0.874399331999939,3.4277360240002963,144,14.887058696498643
128,32,1,3,3,0.04870457566660965,0.051436893999834865,0.051436893999834865,0.03536066100014068,0.059316171999853395,0.862237012666507,0.8617794869996942,0.8617794869996942,0.8575876849999986,0.8673438659998283,167,37.112765434458154
128,32,2,3,6,0.46537168116659205,0.052618914999584376,0.902866147000168,0.038755091999973956,0.9121154389999901,1.2897482514999865,0.886309859999983,1.7360368680001557,0.8230256379997627,1.7527728320001188,167,24.81104352169795
128,32,4,3,12,1.41108486558331,0.9787265029999617,2.6847122760000275,0.057252153000263206,2.9924304199998915,2.248070162833225,1.825494267999602,3.532519742999739,0.9146367029998146,3.792478256999857,167,14.23443117080948
