target_prompt_tokens,max_new_tokens,concurrency,repeats,total_requests,avg_ttft_seconds,p50_ttft_seconds,p95_ttft_seconds,min_ttft_seconds,max_ttft_seconds,avg_latency_seconds,p50_latency_seconds,p95_latency_seconds,min_latency_seconds,max_latency_seconds,avg_output_chars,approx_tokens_per_second
32,32,1,3,3,0.16082907333354038,0.1587236679988564,0.1587236679988564,0.1543439520028187,0.16941959999894607,1.3032035120001335,1.3248813879981753,1.3248813879981753,1.2559257990033075,1.3288033489989175,144,24.5548755089579
32,32,2,3,6,0.2645049618331541,0.2633462409976346,0.28002000199921895,0.21847067500129924,0.28850678199887625,2.4615322616664344,2.4520210859991494,2.539983154998481,2.3365246139983356,2.5452654709988565,144,13.000032743156615
32,32,4,3,12,0.7576522843334411,0.7539294070011238,0.8020229030007613,0.7073273999994854,0.8035378889981075,7.658249991999885,7.651262645998941,7.717916197001614,7.545469429998775,7.73688932100049,144,4.178500314488098
128,32,1,3,3,0.07190273533463672,0.07454367700120201,0.07454367700120201,0.043861681002454134,0.09730284800025402,1.3531383246675734,1.3834489910004777,1.3834489910004777,1.284001732001343,1.3919642510008998,167,23.64872786221724
128,32,2,3,6,0.10097455916608548,0.09386520499901962,0.11855720799940173,0.07562701099959668,0.12873943100203178,2.2359324771665947,2.2406276799993066,2.347119018999365,1.999392279998574,2.410681041001226,167,14.311702310684646
128,32,4,3,12,0.290549786750186,0.27856221299953177,0.3421635710001283,0.16939421300048707,0.4189744069990411,7.487736366249616,7.454612039997301,7.59594270800153,7.368080113999895,7.645996320999984,167,4.273654738197981
